"STATION","NAME","DATE","PRCP"
"USW00023272","SAN FRANCISCO DOWNTOWN, CA US","2017-01-01","0.05"
"USW00023272","SAN FRANCISCO DOWNTOWN, CA US","2017-01-02","0.10"
"USW00023272","SAN FRANCISCO DOWNTOWN, CA US","2017-01-03","0.40"
"USW00023272","SAN FRANCISCO DOWNTOWN, CA US","2017-01-04","0.89"
"USW00023272","SAN FRANCISCO DOWNTOWN, CA US","2017-01-05","0.01"
"USW00023272","SAN FRANCISCO DOWNTOWN, CA US","2017-01-06","0.00"
"USW00023272","SAN FRANCISCO DOWNTOWN, CA US","2017-01-07","0.82"
"USW00023272","SAN FRANCISCO DOWNTOWN, CA US","2017-01-08","1.46"
"USW00023272","SAN FRANCISCO DOWNTOWN, CA US","2017-01-09","0.17"
"USW00023272","SAN FRANCISCO DOWNTOWN, CA US","2017-01-10","1.27"
"USW00023272","SAN FRANCISCO DOWNTOWN, CA US","2017-01-11","0.13"
"USW00023272","SAN FRANCISCO DOWNTOWN, CA US","2017-01-12","0.30"
"USW00023272","SAN FRANCISCO DOWNTOWN, CA US","2017-01-13","0.00"
"USW00023272","SAN FRANCISCO DOWNTOWN, CA US","2017-01-14","0.00"
"USW00023272","SAN FRANCISCO DOWNTOWN, CA US","2017-01-15","0.00"
"USW00023272","SAN FRANCISCO DOWNTOWN, CA US","2017-01-16","0.00"
"USW00023272","SAN FRANCISCO DOWNTOWN, CA US","2017-01-17","0.00"
"USW00023272","SAN FRANCISCO DOWNTOWN, CA US","2017-01-18","0.85"
"USW00023272","SAN FRANCISCO DOWNTOWN, CA US","2017-01-19","0.21"
"USW00023272","SAN FRANCISCO DOWNTOWN, CA US","2017-01-20","1.05"
"USW00023272","SAN FRANCISCO DOWNTOWN, CA US","2017-01-21","0.46"
"USW00023272","SAN FRANCISCO DOWNTOWN, CA US","2017-01-22","0.99"
"USW00023272","SAN FRANCISCO DOWNTOWN, CA US","2017-01-23","0.26"
"USW00023272","SAN FRANCISCO DOWNTOWN, CA US","2017-01-24","0.00"
"USW00023272","SAN FRANCISCO DOWNTOWN, CA US","2017-01-25","0.00"
"USW00023272","SAN FRANCISCO DOWNTOWN, CA US","2017-01-26","0.00"
"USW00023272","SAN FRANCISCO DOWNTOWN, CA US","2017-01-27","0.00"
"USW00023272","SAN FRANCISCO DOWNTOWN, CA US","2017-01-28","0.00"
"USW00023272","SAN FRANCISCO DOWNTOWN, CA US","2017-01-29","0.00"
"USW00023272","SAN FRANCISCO DOWNTOWN, CA US","2017-01-30","0.00"
"USW00023272","SAN FRANCISCO DOWNTOWN, CA US","2017-01-31","0.00"
"USW00023272","SAN FRANCISCO DOWNTOWN, CA US","2017-02-01","0.00"
"USW00023272","SAN FRANCISCO DOWNTOWN, CA US","2017-02-02","0.12"
"USW00023272","SAN FRANCISCO DOWNTOWN, CA US","2017-02-03","0.41"
"USW00023272","SAN FRANCISCO DOWNTOWN, CA US","2017-02-04","0.28"
"USW00023272","SAN FRANCISCO DOWNTOWN, CA US","2017-02-05","0.16"
"USW00023272","SAN FRANCISCO DOWNTOWN, CA US","2017-02-06","0.50"
"USW00023272","SAN FRANCISCO DOWNTOWN, CA US","2017-02-07","0.83"
"USW00023272","SAN FRANCISCO DOWNTOWN, CA US","2017-02-08","0.34"
"USW00023272","SAN FRANCISCO DOWNTOWN, CA US","2017-02-09","0.69"
"USW00023272","SAN FRANCISCO DOWNTOWN, CA US","2017-02-10","0.08"
"USW00023272","SAN FRANCISCO DOWNTOWN, CA US","2017-02-11","0.00"
"USW00023272","SAN FRANCISCO DOWNTOWN, CA US","2017-02-12","0.00"
"USW00023272","SAN FRANCISCO DOWNTOWN, CA US","2017-02-13","0.00"
"USW00023272","SAN FRANCISCO DOWNTOWN, CA US","2017-02-14","0.00"
"USW00023272","SAN FRANCISCO DOWNTOWN, CA US","2017-02-15","0.00"
"USW00023272","SAN FRANCISCO DOWNTOWN, CA US","2017-02-16","0.36"
"USW00023272","SAN FRANCISCO DOWNTOWN, CA US","2017-02-17","1.05"
"USW00023272","SAN FRANCISCO DOWNTOWN, CA US","2017-02-18","0.12"
"USW00023272","SAN FRANCISCO DOWNTOWN, CA US","2017-02-19","0.13"
"USW00023272","SAN FRANCISCO DOWNTOWN, CA US","2017-02-20","1.83"
"USW00023272","SAN FRANCISCO DOWNTOWN, CA US","2017-02-21","0.45"
"USW00023272","SAN FRANCISCO DOWNTOWN, CA US","2017-02-22","0.00"
"USW00023272","SAN FRANCISCO DOWNTOWN, CA US","2017-02-23","0.00"
"USW00023272","SAN FRANCISCO DOWNTOWN, CA US","2017-02-24","0.01"
"USW00023272","SAN FRANCISCO DOWNTOWN, CA US","2017-02-25","0.02"
"USW00023272","SAN FRANCISCO DOWNTOWN, CA US","2017-02-26","0.17"
"USW00023272","SAN FRANCISCO DOWNTOWN, CA US","2017-02-27","0.05"
"USW00023272","SAN FRANCISCO DOWNTOWN, CA US","2017-02-28","0.00"
"USW00023272","SAN FRANCISCO DOWNTOWN, CA US","2017-03-01","0.00"
"USW00023272","SAN FRANCISCO DOWNTOWN, CA US","2017-03-02","0.00"
"USW00023272","SAN FRANCISCO DOWNTOWN, CA US","2017-03-03","0.00"
"USW00023272","SAN FRANCISCO DOWNTOWN, CA US","2017-03-04","1.05"
"USW00023272","SAN FRANCISCO DOWNTOWN, CA US","2017-03-05","0.29"
"USW00023272","SAN FRANCISCO DOWNTOWN, CA US","2017-03-06","0.39"
"USW00023272","SAN FRANCISCO DOWNTOWN, CA US","2017-03-07","0.00"
"USW00023272","SAN FRANCISCO DOWNTOWN, CA US","2017-03-08","0.00"
"USW00023272","SAN FRANCISCO DOWNTOWN, CA US","2017-03-09","0.00"
"USW00023272","SAN FRANCISCO DOWNTOWN, CA US","2017-03-10","0.00"
"USW00023272","SAN FRANCISCO DOWNTOWN, CA US","2017-03-11","0.00"
"USW00023272","SAN FRANCISCO DOWNTOWN, CA US","2017-03-12","0.00"
"USW00023272","SAN FRANCISCO DOWNTOWN, CA US","2017-03-13","0.00"
"USW00023272","SAN FRANCISCO DOWNTOWN, CA US","2017-03-14","0.00"
"USW00023272","SAN FRANCISCO DOWNTOWN, CA US","2017-03-15","0.00"
"USW00023272","SAN FRANCISCO DOWNTOWN, CA US","2017-03-16","0.00"
"USW00023272","SAN FRANCISCO DOWNTOWN, CA US","2017-03-17","0.00"
"USW00023272","SAN FRANCISCO DOWNTOWN, CA US","2017-03-18","0.00"
"USW00023272","SAN FRANCISCO DOWNTOWN, CA US","2017-03-19","0.00"
"USW00023272","SAN FRANCISCO DOWNTOWN, CA US","2017-03-20","0.86"
"USW00023272","SAN FRANCISCO DOWNTOWN, CA US","2017-03-21","0.61"
"USW00023272","SAN FRANCISCO DOWNTOWN, CA US","2017-03-22","0.09"
"USW00023272","SAN FRANCISCO DOWNTOWN, CA US","2017-03-23","0.00"
"USW00023272","SAN FRANCISCO DOWNTOWN, CA US","2017-03-24","0.58"
"USW00023272","SAN FRANCISCO DOWNTOWN, CA US","2017-03-25","0.00"
"USW00023272","SAN FRANCISCO DOWNTOWN, CA US","2017-03-26","0.06"
"USW00023272","SAN FRANCISCO DOWNTOWN, CA US","2017-03-27","0.00"
"USW00023272","SAN FRANCISCO DOWNTOWN, CA US","2017-03-28","0.00"
"USW00023272","SAN FRANCISCO DOWNTOWN, CA US","2017-03-29","0.00"
"USW00023272","SAN FRANCISCO DOWNTOWN, CA US","2017-03-30","0.00"
"USW00023272","SAN FRANCISCO DOWNTOWN, CA US","2017-03-31","0.00"
"USW00023272","SAN FRANCISCO DOWNTOWN, CA US","2017-04-01","0.00"
"USW00023272","SAN FRANCISCO DOWNTOWN, CA US","2017-04-02","0.00"
"USW00023272","SAN FRANCISCO DOWNTOWN, CA US","2017-04-03","0.00"
"USW00023272","SAN FRANCISCO DOWNTOWN, CA US","2017-04-04","0.00"
"USW00023272","SAN FRANCISCO DOWNTOWN, CA US","2017-04-05","0.00"
"USW00023272","SAN FRANCISCO DOWNTOWN, CA US","2017-04-06","0.92"
"USW00023272","SAN FRANCISCO DOWNTOWN, CA US","2017-04-07","0.18"
"USW00023272","SAN FRANCISCO DOWNTOWN, CA US","2017-04-08","0.12"
"USW00023272","SAN FRANCISCO DOWNTOWN, CA US","2017-04-09","0.00"
"USW00023272","SAN FRANCISCO DOWNTOWN, CA US","2017-04-10","0.00"
"USW00023272","SAN FRANCISCO DOWNTOWN, CA US","2017-04-11","0.16"
"USW00023272","SAN FRANCISCO DOWNTOWN, CA US","2017-04-12","0.15"
"USW00023272","SAN FRANCISCO DOWNTOWN, CA US","2017-04-13","0.04"
"USW00023272","SAN FRANCISCO DOWNTOWN, CA US","2017-04-14","0.00"
"USW00023272","SAN FRANCISCO DOWNTOWN, CA US","2017-04-15","0.00"
"USW00023272","SAN FRANCISCO DOWNTOWN, CA US","2017-04-16","0.20"
"USW00023272","SAN FRANCISCO DOWNTOWN, CA US","2017-04-17","0.27"
"USW00023272","SAN FRANCISCO DOWNTOWN, CA US","2017-04-18","0.03"
"USW00023272","SAN FRANCISCO DOWNTOWN, CA US","2017-04-19","0.14"
"USW00023272","SAN FRANCISCO DOWNTOWN, CA US","2017-04-20","0.01"
"USW00023272","SAN FRANCISCO DOWNTOWN, CA US","2017-04-21","0.00"
"USW00023272","SAN FRANCISCO DOWNTOWN, CA US","2017-04-22","0.00"
"USW00023272","SAN FRANCISCO DOWNTOWN, CA US","2017-04-23","0.00"
"USW00023272","SAN FRANCISCO DOWNTOWN, CA US","2017-04-24","0.00"
"USW00023272","SAN FRANCISCO DOWNTOWN, CA US","2017-04-25","0.00"
"USW00023272","SAN FRANCISCO DOWNTOWN, CA US","2017-04-26","0.03"
"USW00023272","SAN FRANCISCO DOWNTOWN, CA US","2017-04-27","0.00"
"USW00023272","SAN FRANCISCO DOWNTOWN, CA US","2017-04-28","0.00"
"USW00023272","SAN FRANCISCO DOWNTOWN, CA US","2017-04-29","0.00"
"USW00023272","SAN FRANCISCO DOWNTOWN, CA US","2017-04-30","0.00"
"USW00023272","SAN FRANCISCO DOWNTOWN, CA US","2017-05-01","0.00"
"USW00023272","SAN FRANCISCO DOWNTOWN, CA US","2017-05-02","0.00"
"USW00023272","SAN FRANCISCO DOWNTOWN, CA US","2017-05-03","0.00"
"USW00023272","SAN FRANCISCO DOWNTOWN, CA US","2017-05-04","0.00"
"USW00023272","SAN FRANCISCO DOWNTOWN, CA US","2017-05-05","0.00"
"USW00023272","SAN FRANCISCO DOWNTOWN, CA US","2017-05-06","0.00"
"USW00023272","SAN FRANCISCO DOWNTOWN, CA US","2017-05-07","0.00"
"USW00023272","SAN FRANCISCO DOWNTOWN, CA US","2017-05-08","0.00"
"USW00023272","SAN FRANCISCO DOWNTOWN, CA US","2017-05-09","0.00"
"USW00023272","SAN FRANCISCO DOWNTOWN, CA US","2017-05-10","0.00"
"USW00023272","SAN FRANCISCO DOWNTOWN, CA US","2017-05-11","0.00"
"USW00023272","SAN FRANCISCO DOWNTOWN, CA US","2017-05-12","0.00"
"USW00023272","SAN FRANCISCO DOWNTOWN, CA US","2017-05-13","0.00"
"USW00023272","SAN FRANCISCO DOWNTOWN, CA US","2017-05-14","0.00"
"USW00023272","SAN FRANCISCO DOWNTOWN, CA US","2017-05-15","0.00"
"USW00023272","SAN FRANCISCO DOWNTOWN, CA US","2017-05-16","0.00"
"USW00023272","SAN FRANCISCO DOWNTOWN, CA US","2017-05-17","0.00"
"USW00023272","SAN FRANCISCO DOWNTOWN, CA US","2017-05-18","0.00"
"USW00023272","SAN FRANCISCO DOWNTOWN, CA US","2017-05-19","0.00"
"USW00023272","SAN FRANCISCO DOWNTOWN, CA US","2017-05-20","0.00"
"USW00023272","SAN FRANCISCO DOWNTOWN, CA US","2017-05-21","0.00"
"USW00023272","SAN FRANCISCO DOWNTOWN, CA US","2017-05-22","0.00"
"USW00023272","SAN FRANCISCO DOWNTOWN, CA US","2017-05-23","0.00"
"USW00023272","SAN FRANCISCO DOWNTOWN, CA US","2017-05-24","0.00"
"USW00023272","SAN FRANCISCO DOWNTOWN, CA US","2017-05-25","0.00"
"USW00023272","SAN FRANCISCO DOWNTOWN, CA US","2017-05-26","0.00"
"USW00023272","SAN FRANCISCO DOWNTOWN, CA US","2017-05-27","0.00"
"USW00023272","SAN FRANCISCO DOWNTOWN, CA US","2017-05-28","0.00"
"USW00023272","SAN FRANCISCO DOWNTOWN, CA US","2017-05-29","0.00"
"USW00023272","SAN FRANCISCO DOWNTOWN, CA US","2017-05-30","0.00"
"USW00023272","SAN FRANCISCO DOWNTOWN, CA US","2017-05-31","0.00"
"USW00023272","SAN FRANCISCO DOWNTOWN, CA US","2017-06-01","0.00"
"USW00023272","SAN FRANCISCO DOWNTOWN, CA US","2017-06-02","0.00"
"USW00023272","SAN FRANCISCO DOWNTOWN, CA US","2017-06-03","0.00"
"USW00023272","SAN FRANCISCO DOWNTOWN, CA US","2017-06-04","0.00"
"USW00023272","SAN FRANCISCO DOWNTOWN, CA US","2017-06-05","0.00"
"USW00023272","SAN FRANCISCO DOWNTOWN, CA US","2017-06-06","0.00"
"USW00023272","SAN FRANCISCO DOWNTOWN, CA US","2017-06-07","0.00"
"USW00023272","SAN FRANCISCO DOWNTOWN, CA US","2017-06-08","0.10"
"USW00023272","SAN FRANCISCO DOWNTOWN, CA US","2017-06-09","0.00"
"USW00023272","SAN FRANCISCO DOWNTOWN, CA US","2017-06-10","0.00"
"USW00023272","SAN FRANCISCO DOWNTOWN, CA US","2017-06-11","0.00"
"USW00023272","SAN FRANCISCO DOWNTOWN, CA US","2017-06-12","0.00"
"USW00023272","SAN FRANCISCO DOWNTOWN, CA US","2017-06-13","0.00"
"USW00023272","SAN FRANCISCO DOWNTOWN, CA US","2017-06-14","0.00"
"USW00023272","SAN FRANCISCO DOWNTOWN, CA US","2017-06-15","0.00"
"USW00023272","SAN FRANCISCO DOWNTOWN, CA US","2017-06-16","0.00"
"USW00023272","SAN FRANCISCO DOWNTOWN, CA US","2017-06-17","0.00"
"USW00023272","SAN FRANCISCO DOWNTOWN, CA US","2017-06-18","0.00"
"USW00023272","SAN FRANCISCO DOWNTOWN, CA US","2017-06-19","0.00"
"USW00023272","SAN FRANCISCO DOWNTOWN, CA US","2017-06-20","0.00"
"USW00023272","SAN FRANCISCO DOWNTOWN, CA US","2017-06-21","0.00"
"USW00023272","SAN FRANCISCO DOWNTOWN, CA US","2017-06-22","0.00"
"USW00023272","SAN FRANCISCO DOWNTOWN, CA US","2017-06-23","0.00"
"USW00023272","SAN FRANCISCO DOWNTOWN, CA US","2017-06-24","0.00"
"USW00023272","SAN FRANCISCO DOWNTOWN, CA US","2017-06-25","0.00"
"USW00023272","SAN FRANCISCO DOWNTOWN, CA US","2017-06-26","0.00"
"USW00023272","SAN FRANCISCO DOWNTOWN, CA US","2017-06-27","0.00"
"USW00023272","SAN FRANCISCO DOWNTOWN, CA US","2017-06-28","0.00"
"USW00023272","SAN FRANCISCO DOWNTOWN, CA US","2017-06-29","0.00"
"USW00023272","SAN FRANCISCO DOWNTOWN, CA US","2017-06-30","0.00"
"USW00023272","SAN FRANCISCO DOWNTOWN, CA US","2017-07-01","0.00"
"USW00023272","SAN FRANCISCO DOWNTOWN, CA US","2017-07-02","0.00"
"USW00023272","SAN FRANCISCO DOWNTOWN, CA US","2017-07-03","0.00"
"USW00023272","SAN FRANCISCO DOWNTOWN, CA US","2017-07-04","0.00"
"USW00023272","SAN FRANCISCO DOWNTOWN, CA US","2017-07-05","0.00"
"USW00023272","SAN FRANCISCO DOWNTOWN, CA US","2017-07-06","0.00"
"USW00023272","SAN FRANCISCO DOWNTOWN, CA US","2017-07-07","0.00"
"USW00023272","SAN FRANCISCO DOWNTOWN, CA US","2017-07-08","0.00"
"USW00023272","SAN FRANCISCO DOWNTOWN, CA US","2017-07-09","0.00"
"USW00023272","SAN FRANCISCO DOWNTOWN, CA US","2017-07-10","0.00"
"USW00023272","SAN FRANCISCO DOWNTOWN, CA US","2017-07-11","0.00"
"USW00023272","SAN FRANCISCO DOWNTOWN, CA US","2017-07-12","0.00"
"USW00023272","SAN FRANCISCO DOWNTOWN, CA US","2017-07-13","0.00"
"USW00023272","SAN FRANCISCO DOWNTOWN, CA US","2017-07-14","0.00"
"USW00023272","SAN FRANCISCO DOWNTOWN, CA US","2017-07-15","0.00"
"USW00023272","SAN FRANCISCO DOWNTOWN, CA US","2017-07-16","0.00"
"USW00023272","SAN FRANCISCO DOWNTOWN, CA US","2017-07-17","0.00"
"USW00023272","SAN FRANCISCO DOWNTOWN, CA US","2017-07-18","0.00"
"USW00023272","SAN FRANCISCO DOWNTOWN, CA US","2017-07-19","0.00"
"USW00023272","SAN FRANCISCO DOWNTOWN, CA US","2017-07-20","0.00"
"USW00023272","SAN FRANCISCO DOWNTOWN, CA US","2017-07-21","0.00"
"USW00023272","SAN FRANCISCO DOWNTOWN, CA US","2017-07-22","0.00"
"USW00023272","SAN FRANCISCO DOWNTOWN, CA US","2017-07-23","0.00"
"USW00023272","SAN FRANCISCO DOWNTOWN, CA US","2017-07-24","0.00"
"USW00023272","SAN FRANCISCO DOWNTOWN, CA US","2017-07-25","0.00"
"USW00023272","SAN FRANCISCO DOWNTOWN, CA US","2017-07-26","0.00"
"USW00023272","SAN FRANCISCO DOWNTOWN, CA US","2017-07-27","0.00"
"USW00023272","SAN FRANCISCO DOWNTOWN, CA US","2017-07-28","0.00"
"USW00023272","SAN FRANCISCO DOWNTOWN, CA US","2017-07-29","0.00"
"USW00023272","SAN FRANCISCO DOWNTOWN, CA US","2017-07-30","0.00"
"USW00023272","SAN FRANCISCO DOWNTOWN, CA US","2017-07-31","0.00"
"USW00023272","SAN FRANCISCO DOWNTOWN, CA US","2017-08-01","0.00"
"USW00023272","SAN FRANCISCO DOWNTOWN, CA US","2017-08-02","0.00"
"USW00023272","SAN FRANCISCO DOWNTOWN, CA US","2017-08-03","0.00"
"USW00023272","SAN FRANCISCO DOWNTOWN, CA US","2017-08-04","0.00"
"USW00023272","SAN FRANCISCO DOWNTOWN, CA US","2017-08-05","0.00"
"USW00023272","SAN FRANCISCO DOWNTOWN, CA US","2017-08-06","0.01"
"USW00023272","SAN FRANCISCO DOWNTOWN, CA US","2017-08-07","0.00"
"USW00023272","SAN FRANCISCO DOWNTOWN, CA US","2017-08-08","0.00"
"USW00023272","SAN FRANCISCO DOWNTOWN, CA US","2017-08-09","0.00"
"USW00023272","SAN FRANCISCO DOWNTOWN, CA US","2017-08-10","0.00"
"USW00023272","SAN FRANCISCO DOWNTOWN, CA US","2017-08-11","0.00"
"USW00023272","SAN FRANCISCO DOWNTOWN, CA US","2017-08-12","0.00"
"USW00023272","SAN FRANCISCO DOWNTOWN, CA US","2017-08-13","0.00"
"USW00023272","SAN FRANCISCO DOWNTOWN, CA US","2017-08-14","0.00"
"USW00023272","SAN FRANCISCO DOWNTOWN, CA US","2017-08-15","0.00"
"USW00023272","SAN FRANCISCO DOWNTOWN, CA US","2017-08-16","0.00"
"USW00023272","SAN FRANCISCO DOWNTOWN, CA US","2017-08-17","0.00"
"USW00023272","SAN FRANCISCO DOWNTOWN, CA US","2017-08-18","0.00"
"USW00023272","SAN FRANCISCO DOWNTOWN, CA US","2017-08-19","0.00"
"USW00023272","SAN FRANCISCO DOWNTOWN, CA US","2017-08-20","0.00"
"USW00023272","SAN FRANCISCO DOWNTOWN, CA US","2017-08-21","0.00"
"USW00023272","SAN FRANCISCO DOWNTOWN, CA US","2017-08-22","0.00"
"USW00023272","SAN FRANCISCO DOWNTOWN, CA US","2017-08-23","0.00"
"USW00023272","SAN FRANCISCO DOWNTOWN, CA US","2017-08-24","0.00"
"USW00023272","SAN FRANCISCO DOWNTOWN, CA US","2017-08-25","0.00"
"USW00023272","SAN FRANCISCO DOWNTOWN, CA US","2017-08-26","0.00"
"USW00023272","SAN FRANCISCO DOWNTOWN, CA US","2017-08-27","0.00"
"USW00023272","SAN FRANCISCO DOWNTOWN, CA US","2017-08-28","0.00"
"USW00023272","SAN FRANCISCO DOWNTOWN, CA US","2017-08-29","0.00"
"USW00023272","SAN FRANCISCO DOWNTOWN, CA US","2017-08-30","0.00"
"USW00023272","SAN FRANCISCO DOWNTOWN, CA US","2017-08-31","0.00"
"USW00023272","SAN FRANCISCO DOWNTOWN, CA US","2017-09-01","0.00"
"USW00023272","SAN FRANCISCO DOWNTOWN, CA US","2017-09-02","0.00"
"USW00023272","SAN FRANCISCO DOWNTOWN, CA US","2017-09-03","0.00"
"USW00023272","SAN FRANCISCO DOWNTOWN, CA US","2017-09-04","0.00"
"USW00023272","SAN FRANCISCO DOWNTOWN, CA US","2017-09-05","0.00"
"USW00023272","SAN FRANCISCO DOWNTOWN, CA US","2017-09-06","0.00"
"USW00023272","SAN FRANCISCO DOWNTOWN, CA US","2017-09-07","0.00"
"USW00023272","SAN FRANCISCO DOWNTOWN, CA US","2017-09-08","0.00"
"USW00023272","SAN FRANCISCO DOWNTOWN, CA US","2017-09-09","0.00"
"USW00023272","SAN FRANCISCO DOWNTOWN, CA US","2017-09-10","0.00"
"USW00023272","SAN FRANCISCO DOWNTOWN, CA US","2017-09-11","0.10"
"USW00023272","SAN FRANCISCO DOWNTOWN, CA US","2017-09-12","0.00"
"USW00023272","SAN FRANCISCO DOWNTOWN, CA US","2017-09-13","0.00"
"USW00023272","SAN FRANCISCO DOWNTOWN, CA US","2017-09-14","0.00"
"USW00023272","SAN FRANCISCO DOWNTOWN, CA US","2017-09-15","0.00"
"USW00023272","SAN FRANCISCO DOWNTOWN, CA US","2017-09-16","0.00"
"USW00023272","SAN FRANCISCO DOWNTOWN, CA US","2017-09-17","0.00"
"USW00023272","SAN FRANCISCO DOWNTOWN, CA US","2017-09-18","0.00"
"USW00023272","SAN FRANCISCO DOWNTOWN, CA US","2017-09-19","0.00"
"USW00023272","SAN FRANCISCO DOWNTOWN, CA US","2017-09-20","0.00"
"USW00023272","SAN FRANCISCO DOWNTOWN, CA US","2017-09-21","0.00"
"USW00023272","SAN FRANCISCO DOWNTOWN, CA US","2017-09-22","0.00"
"USW00023272","SAN FRANCISCO DOWNTOWN, CA US","2017-09-23","0.00"
"USW00023272","SAN FRANCISCO DOWNTOWN, CA US","2017-09-24","0.00"
"USW00023272","SAN FRANCISCO DOWNTOWN, CA US","2017-09-25","0.00"
"USW00023272","SAN FRANCISCO DOWNTOWN, CA US","2017-09-26","0.00"
"USW00023272","SAN FRANCISCO DOWNTOWN, CA US","2017-09-27","0.00"
"USW00023272","SAN FRANCISCO DOWNTOWN, CA US","2017-09-28","0.00"
"USW00023272","SAN FRANCISCO DOWNTOWN, CA US","2017-09-29","0.00"
"USW00023272","SAN FRANCISCO DOWNTOWN, CA US","2017-09-30","0.00"
"USW00023272","SAN FRANCISCO DOWNTOWN, CA US","2017-10-01","0.00"
"USW00023272","SAN FRANCISCO DOWNTOWN, CA US","2017-10-02","0.00"
"USW00023272","SAN FRANCISCO DOWNTOWN, CA US","2017-10-03","0.00"
"USW00023272","SAN FRANCISCO DOWNTOWN, CA US","2017-10-04","0.00"
"USW00023272","SAN FRANCISCO DOWNTOWN, CA US","2017-10-05","0.00"
"USW00023272","SAN FRANCISCO DOWNTOWN, CA US","2017-10-06","0.00"
"USW00023272","SAN FRANCISCO DOWNTOWN, CA US","2017-10-07","0.00"
"USW00023272","SAN FRANCISCO DOWNTOWN, CA US","2017-10-08","0.00"
"USW00023272","SAN FRANCISCO DOWNTOWN, CA US","2017-10-09","0.00"
"USW00023272","SAN FRANCISCO DOWNTOWN, CA US","2017-10-10","0.00"
"USW00023272","SAN FRANCISCO DOWNTOWN, CA US","2017-10-11","0.00"
"USW00023272","SAN FRANCISCO DOWNTOWN, CA US","2017-10-12","0.00"
"USW00023272","SAN FRANCISCO DOWNTOWN, CA US","2017-10-13","0.00"
"USW00023272","SAN FRANCISCO DOWNTOWN, CA US","2017-10-14","0.00"
"USW00023272","SAN FRANCISCO DOWNTOWN, CA US","2017-10-15","0.00"
"USW00023272","SAN FRANCISCO DOWNTOWN, CA US","2017-10-16","0.00"
"USW00023272","SAN FRANCISCO DOWNTOWN, CA US","2017-10-17","0.00"
"USW00023272","SAN FRANCISCO DOWNTOWN, CA US","2017-10-18","0.00"
"USW00023272","SAN FRANCISCO DOWNTOWN, CA US","2017-10-19","0.29"
"USW00023272","SAN FRANCISCO DOWNTOWN, CA US","2017-10-20","0.02"
"USW00023272","SAN FRANCISCO DOWNTOWN, CA US","2017-10-21","0.00"
"USW00023272","SAN FRANCISCO DOWNTOWN, CA US","2017-10-22","0.00"
"USW00023272","SAN FRANCISCO DOWNTOWN, CA US","2017-10-23","0.00"
"USW00023272","SAN FRANCISCO DOWNTOWN, CA US","2017-10-24","0.00"
"USW00023272","SAN FRANCISCO DOWNTOWN, CA US","2017-10-25","0.00"
"USW00023272","SAN FRANCISCO DOWNTOWN, CA US","2017-10-26","0.00"
"USW00023272","SAN FRANCISCO DOWNTOWN, CA US","2017-10-27","0.00"
"USW00023272","SAN FRANCISCO DOWNTOWN, CA US","2017-10-28","0.00"
"USW00023272","SAN FRANCISCO DOWNTOWN, CA US","2017-10-29","0.00"
"USW00023272","SAN FRANCISCO DOWNTOWN, CA US","2017-10-30","0.00"
"USW00023272","SAN FRANCISCO DOWNTOWN, CA US","2017-10-31","0.00"
"USW00023272","SAN FRANCISCO DOWNTOWN, CA US","2017-11-01","0.00"
"USW00023272","SAN FRANCISCO DOWNTOWN, CA US","2017-11-02","0.00"
"USW00023272","SAN FRANCISCO DOWNTOWN, CA US","2017-11-03","0.03"
"USW00023272","SAN FRANCISCO DOWNTOWN, CA US","2017-11-04","0.08"
"USW00023272","SAN FRANCISCO DOWNTOWN, CA US","2017-11-05","0.00"
"USW00023272","SAN FRANCISCO DOWNTOWN, CA US","2017-11-06","0.00"
"USW00023272","SAN FRANCISCO DOWNTOWN, CA US","2017-11-07","0.00"
"USW00023272","SAN FRANCISCO DOWNTOWN, CA US","2017-11-08","0.18"
"USW00023272","SAN FRANCISCO DOWNTOWN, CA US","2017-11-09","0.02"
"USW00023272","SAN FRANCISCO DOWNTOWN, CA US","2017-11-10","0.22"
"USW00023272","SAN FRANCISCO DOWNTOWN, CA US","2017-11-11","0.00"
"USW00023272","SAN FRANCISCO DOWNTOWN, CA US","2017-11-12","0.00"
"USW00023272","SAN FRANCISCO DOWNTOWN, CA US","2017-11-13","0.09"
"USW00023272","SAN FRANCISCO DOWNTOWN, CA US","2017-11-14","0.00"
"USW00023272","SAN FRANCISCO DOWNTOWN, CA US","2017-11-15","0.22"
"USW00023272","SAN FRANCISCO DOWNTOWN, CA US","2017-11-16","1.48"
"USW00023272","SAN FRANCISCO DOWNTOWN, CA US","2017-11-17","0.00"
"USW00023272","SAN FRANCISCO DOWNTOWN, CA US","2017-11-18","0.00"
"USW00023272","SAN FRANCISCO DOWNTOWN, CA US","2017-11-19","0.00"
"USW00023272","SAN FRANCISCO DOWNTOWN, CA US","2017-11-20","0.00"
"USW00023272","SAN FRANCISCO DOWNTOWN, CA US","2017-11-21","0.00"
"USW00023272","SAN FRANCISCO DOWNTOWN, CA US","2017-11-22","0.00"
"USW00023272","SAN FRANCISCO DOWNTOWN, CA US","2017-11-23","0.00"
"USW00023272","SAN FRANCISCO DOWNTOWN, CA US","2017-11-24","0.00"
"USW00023272","SAN FRANCISCO DOWNTOWN, CA US","2017-11-25","0.00"
"USW00023272","SAN FRANCISCO DOWNTOWN, CA US","2017-11-26","0.22"
"USW00023272","SAN FRANCISCO DOWNTOWN, CA US","2017-11-27","0.29"
"USW00023272","SAN FRANCISCO DOWNTOWN, CA US","2017-11-28","0.00"
"USW00023272","SAN FRANCISCO DOWNTOWN, CA US","2017-11-29","0.00"
"USW00023272","SAN FRANCISCO DOWNTOWN, CA US","2017-11-30","0.00"
"USW00023272","SAN FRANCISCO DOWNTOWN, CA US","2017-12-01","0.00"
"USW00023272","SAN FRANCISCO DOWNTOWN, CA US","2017-12-02","0.02"
"USW00023272","SAN FRANCISCO DOWNTOWN, CA US","2017-12-03","0.00"
"USW00023272","SAN FRANCISCO DOWNTOWN, CA US","2017-12-04","0.00"
"USW00023272","SAN FRANCISCO DOWNTOWN, CA US","2017-12-05","0.00"
"USW00023272","SAN FRANCISCO DOWNTOWN, CA US","2017-12-06","0.00"
"USW00023272","SAN FRANCISCO DOWNTOWN, CA US","2017-12-07","0.00"
"USW00023272","SAN FRANCISCO DOWNTOWN, CA US","2017-12-08","0.00"
"USW00023272","SAN FRANCISCO DOWNTOWN, CA US","2017-12-09","0.00"
"USW00023272","SAN FRANCISCO DOWNTOWN, CA US","2017-12-10","0.00"
"USW00023272","SAN FRANCISCO DOWNTOWN, CA US","2017-12-11","0.00"
"USW00023272","SAN FRANCISCO DOWNTOWN, CA US","2017-12-12","0.00"
"USW00023272","SAN FRANCISCO DOWNTOWN, CA US","2017-12-13","0.00"
"USW00023272","SAN FRANCISCO DOWNTOWN, CA US","2017-12-14","0.00"
"USW00023272","SAN FRANCISCO DOWNTOWN, CA US","2017-12-15","0.00"
"USW00023272","SAN FRANCISCO DOWNTOWN, CA US","2017-12-16","0.00"
"USW00023272","SAN FRANCISCO DOWNTOWN, CA US","2017-12-17","0.00"
"USW00023272","SAN FRANCISCO DOWNTOWN, CA US","2017-12-18","0.00"
"USW00023272","SAN FRANCISCO DOWNTOWN, CA US","2017-12-19","0.00"
"USW00023272","SAN FRANCISCO DOWNTOWN, CA US","2017-12-20","0.13"
"USW00023272","SAN FRANCISCO DOWNTOWN, CA US","2017-12-21","0.00"
"USW00023272","SAN FRANCISCO DOWNTOWN, CA US","2017-12-22","0.00"
"USW00023272","SAN FRANCISCO DOWNTOWN, CA US","2017-12-23","0.00"
"USW00023272","SAN FRANCISCO DOWNTOWN, CA US","2017-12-24","0.00"
"USW00023272","SAN FRANCISCO DOWNTOWN, CA US","2017-12-25","0.00"
"USW00023272","SAN FRANCISCO DOWNTOWN, CA US","2017-12-26","0.00"
"USW00023272","SAN FRANCISCO DOWNTOWN, CA US","2017-12-27","0.00"
"USW00023272","SAN FRANCISCO DOWNTOWN, CA US","2017-12-28","0.00"
"USW00023272","SAN FRANCISCO DOWNTOWN, CA US","2017-12-29","0.00"
"USW00023272","SAN FRANCISCO DOWNTOWN, CA US","2017-12-30","0.00"
"USW00023272","SAN FRANCISCO DOWNTOWN, CA US","2017-12-31","0.00"
